"Timestamp","Target ID","Source ID","Result","Status","Message"
"2018/06/16 09:42:03","9dea206cdb7653007f3873278c9619c1","PPL000000000005","Created","Success",""
"2018/06/16 09:42:03","d5ea206cdb7653007f3873278c9619c8","PPL000000000012","Created","Success",""
"2018/06/16 09:42:03","95ea206cdb7653007f3873278c9619ce","PPL000000000013","Created","Success",""
"2018/06/16 09:42:03","55ea206cdb7653007f3873278c9619d4","PPL000000000014","Created","Success",""
"2018/06/16 09:42:03","15ea206cdb7653007f3873278c9619da","PPL000000000015","Created","Success",""
"2018/06/16 09:42:03","d1ea206cdb7653007f3873278c9619e0","PPL000000000016","Created","Success",""
"2018/06/16 09:42:03","91ea206cdb7653007f3873278c9619e6","PPL000000000017","Created","Success",""
"2018/06/16 09:42:03","51ea206cdb7653007f3873278c9619ec","PPL000000000018","Created","Success",""
"2018/06/16 09:42:03","11ea206cdb7653007f3873278c9619f2","PPL000000000019","Created","Success",""
"2018/06/16 09:42:03","ddea206cdb7653007f3873278c9619f7","PPL000000000020","Created","Success",""
"2018/06/16 09:42:03","9dea206cdb7653007f3873278c9619fd","PPL000000000021","Created","Success",""
"2018/06/16 09:42:03","5dea606cdb7653007f3873278c961903","PPL000000000022","Created","Success",""
